name,price,category
"Картофель в сетке ~2,3 кг","Цена со скидкой за 1 шт.36,78 ₽","Овощи, фрукты, зелень, орехи"
Бананы,"Цена со скидкой за 1 кг131,99 ₽","Овощи, фрукты, зелень, орехи"
Бананы Global Village,"Цена за 1 кг185,99 ₽","Овощи, фрукты, зелень, орехи"
Мандарины,"Цена со скидкой за 1 кг99,99 ₽","Овощи, фрукты, зелень, орехи"
Морковь,"Цена за 1 кг16,50 ₽","Овощи, фрукты, зелень, орехи"
Лук репчатый,"Цена за 1 кг65,99 ₽","Овощи, фрукты, зелень, орехи"
Картофель,"Цена за 1 кг119,98 ₽","Овощи, фрукты, зелень, орехи"
Лимоны,"Цена со скидкой за 1 кг30,00 ₽","Овощи, фрукты, зелень, орехи"
Виноград белый без косточки,"Цена за 1 кг135,00 ₽","Овощи, фрукты, зелень, орехи"
Помидоры,"Цена за 1 кг125,00 ₽","Овощи, фрукты, зелень, орехи"
Яблоки Ред Делишес,"Цена за 1 кг85,00 ₽","Овощи, фрукты, зелень, орехи"
Яблоки Голден,"Цена со скидкой за 1 кг62,50 ₽","Овощи, фрукты, зелень, орехи"
Шампиньоны свежие Global Village целые,"Цена за 1 кг99,00 ₽","Овощи, фрукты, зелень, орехи"
Свекла,"Цена за 1 кг19,50 ₽","Овощи, фрукты, зелень, орехи"
Капуста Китайская,"Цена со скидкой за 1 кг95,99 ₽","Овощи, фрукты, зелень, орехи"
Салат листовой в горшочке ~150 г,"Цена со скидкой за 1 шт.49,99 ₽","Овощи, фрукты, зелень, орехи"
Шампиньоны свежие Global Village целые 400 г,"Цена со скидкой за 1 шт.179,99 ₽","Овощи, фрукты, зелень, орехи"
Помидоры красные Global Village Черри мелкие 250 г,"Цена со скидкой за 1 шт.109,99 ₽","Овощи, фрукты, зелень, орехи"
Апельсины,"Цена со скидкой за 1 кг107,99 ₽","Овощи, фрукты, зелень, орехи"
Перец сладкий красный,"Цена за 1 кг190,00 ₽","Овощи, фрукты, зелень, орехи"
Чеснок,"Цена со скидкой за 1 кг40,00 ₽","Овощи, фрукты, зелень, орехи"
Салат Айсберг,"Цена за 1 кг120,00 ₽","Овощи, фрукты, зелень, орехи"
Яблоки Гренни Смит,"Цена со скидкой за 1 кг70,00 ₽","Овощи, фрукты, зелень, орехи"
Набор зелени Global Village Ассорти 70 г,"Цена со скидкой за 1 шт.79,99 ₽","Овощи, фрукты, зелень, орехи"
Помидоры сливовидные Фламенко,"Цена за 1 кг190,00 ₽","Овощи, фрукты, зелень, орехи"
Виноград Ред Глоб Чили,"Цена со скидкой за 1 кг105,00 ₽","Овощи, фрукты, зелень, орехи"
Мандарины Выгодно в сетке,"Цена со скидкой за 1 кг119,99 ₽","Овощи, фрукты, зелень, орехи"
Огурец длинноплодный Global Village,"Цена со скидкой за 1 шт.79,99 ₽","Овощи, фрукты, зелень, орехи"
Овощная смесь Морозко Green Овощное трио замороженная 400 г,"199,99 ₽","Овощи, фрукты, зелень, орехи"
Салат Фриллис 1 шт,"Цена со скидкой за 1 шт.99,99 ₽","Овощи, фрукты, зелень, орехи"
Шампиньоны свежие Global Village 250 г,"Цена со скидкой за 1 шт.109,99 ₽","Овощи, фрукты, зелень, орехи"
Груши Конференция,"Цена за 1 кг165,00 ₽","Овощи, фрукты, зелень, орехи"
Отварная свекла Global Village целая очищенная 500 г,"Цена со скидкой за 1 шт.69,99 ₽","Овощи, фрукты, зелень, орехи"
Кабачки ~900 г,"Цена со скидкой за 1 шт.143,99 ₽","Овощи, фрукты, зелень, орехи"
Огурцы среднеплодные,"Цена за 1 кг179,99 ₽","Овощи, фрукты, зелень, орехи"
Лук зеленый 50 г,"Цена со скидкой за 1 шт.44,99 ₽","Овощи, фрукты, зелень, орехи"
Укроп Global Village 30 г,"59,99 ₽","Овощи, фрукты, зелень, орехи"
Клубника Красная цена быстрозамороженная 300 г,"119,99 ₽","Овощи, фрукты, зелень, орехи"
Киви,"Цена за 1 кг99,00 ₽","Овощи, фрукты, зелень, орехи"
Морковь мытая 1 кг,"Цена со скидкой за 1 шт.59,99 ₽","Овощи, фрукты, зелень, орехи"
Хурма плоская ~500 г,"Цена со скидкой за 1 шт.100,00 ₽","Овощи, фрукты, зелень, орехи"
Кукуруза Global Village сахарная 425 г,"Цена со скидкой за 1 шт.74,99 ₽","Овощи, фрукты, зелень, орехи"
Капуста Global Village квашенная с морковью 1 кг,"169,99 ₽","Овощи, фрукты, зелень, орехи"
Овощная смесь Global Village 8 Овощей быстрозамороженная...,"Цена со скидкой за 1 шт.137,99 ₽","Овощи, фрукты, зелень, орехи"
Горошек Global Village зеленый из мозговых сортов 400 г,"Цена со скидкой за 1 шт.74,99 ₽","Овощи, фрукты, зелень, орехи"
Шампиньоны свежие резаные 300 г,"Цена со скидкой за 1 шт.109,99 ₽","Овощи, фрукты, зелень, орехи"
Капуста квашеная Global Village с морковью 500 г,"119,99 ₽","Овощи, фрукты, зелень, орехи"
Редис красный ДСК 125 г,"89,99 ₽","Овощи, фрукты, зелень, орехи"
Гранаты,"Цена со скидкой за 1 кг96,00 ₽","Овощи, фрукты, зелень, орехи"
Редька зеленая,"Цена со скидкой за 1 кг30,00 ₽","Овощи, фрукты, зелень, орехи"
Манго спелое ~500 г,"Цена со скидкой за 1 шт.175,00 ₽","Овощи, фрукты, зелень, орехи"
Набор зелени Global Village укроп и лук 100 г,"99,99 ₽","Овощи, фрукты, зелень, орехи"
Капуста брокколи Global Village замороженная 400 г,"184,99 ₽","Овощи, фрукты, зелень, орехи"
Маслины Global Village без косточки 425 г,"149,99 ₽","Овощи, фрукты, зелень, орехи"
Лук красный,"Цена со скидкой за 1 кг35,00 ₽","Овощи, фрукты, зелень, орехи"
Огурцы корнишоны премиум 300 г,"299,99 ₽","Овощи, фрукты, зелень, орехи"
Стебли сельдерея ~300 г,"Цена со скидкой за 1 шт.79,99 ₽","Овощи, фрукты, зелень, орехи"
Лук-репка Выгодно в сетке,"Цена за 1 кг98,98 ₽","Овощи, фрукты, зелень, орехи"
Огурцы короткоплодные Global Village 450 г,"269,99 ₽","Овощи, фрукты, зелень, орехи"
Овощная смесь Global Village Овощи По-деревенски...,"Цена со скидкой за 1 шт.138,99 ₽","Овощи, фрукты, зелень, орехи"
Рукола 75 г,"Цена со скидкой за 1 шт.139,99 ₽","Овощи, фрукты, зелень, орехи"
Грецкие орехи Красная цена 100 г,"92,99 ₽","Овощи, фрукты, зелень, орехи"
Ассорти овощное Global Village маринованное 680 г,"Цена со скидкой за 1 шт.179,99 ₽","Овощи, фрукты, зелень, орехи"
Апельсины Выгодно,"Цена со скидкой за 1 кг167,99 ₽","Овощи, фрукты, зелень, орехи"
Картофель Кримм Нежный с соусом дольки замороженный 500 г,"99,99 ₽","Овощи, фрукты, зелень, орехи"
Семечки подсолнечные от Мартина Premium жареные с морской...,"49,99 ₽","Овощи, фрукты, зелень, орехи"
"Яблоки Роял Гала ~1,2 кг","Цена со скидкой за 1 шт.179,99 ₽","Овощи, фрукты, зелень, орехи"
Картофель ДСК красный мытый,"Цена за 1 кг89,99 ₽","Овощи, фрукты, зелень, орехи"
Салатная смесь Салаты с поля Рукола Радиччо 75 г,"159,99 ₽","Овощи, фрукты, зелень, орехи"
Маслины Красная цена без косточки 300 г,"99,99 ₽","Овощи, фрукты, зелень, орехи"
Шампиньоны Global Village резаные натуральные...,"104,99 ₽","Овощи, фрукты, зелень, орехи"
Смесь семечек Вкус & польза Салатная с кунжутом 80 г,"62,99 ₽","Овощи, фрукты, зелень, орехи"
Баклажаны,"Цена со скидкой за 1 кг95,00 ₽","Овощи, фрукты, зелень, орехи"
Фасоль стручковая Global Village замороженная 400 г,"Цена со скидкой за 1 шт.129,99 ₽","Овощи, фрукты, зелень, орехи"
Свекла мытая 1 кг,"89,99 ₽","Овощи, фрукты, зелень, орехи"
"Яблоки Global Village красные ~1,2 кг","215,99 ₽","Овощи, фрукты, зелень, орехи"
Грейпфрут красный,"Цена со скидкой за 1 кг89,99 ₽","Овощи, фрукты, зелень, орехи"
Кукуруза Bonduelle сладкая консервированная 170 г,"Цена со скидкой за 1 шт.89,99 ₽","Овощи, фрукты, зелень, орехи"
Кинза Global Village 30 г,"79,99 ₽","Овощи, фрукты, зелень, орехи"
Огурцы Global Village маринованные 720 мл,"Цена со скидкой за 1 шт.139,99 ₽","Овощи, фрукты, зелень, орехи"
Кукуруза сахарная Красная цена зерновая 425 г,"59,99 ₽","Овощи, фрукты, зелень, орехи"
Горошек Bonduelle Нежный зеленый консервированный 200 г,"Цена со скидкой за 1 шт.89,99 ₽","Овощи, фрукты, зелень, орехи"
Кукуруза Bonduelle сладкая консервированная 340 г,"134,99 ₽","Овощи, фрукты, зелень, орехи"
Смесь ягодня Красная цена компотная быстрозамороженная 300 г,"139,99 ₽","Овощи, фрукты, зелень, орехи"
Грибы вешенки Global Village 300 г,"179,99 ₽","Овощи, фрукты, зелень, орехи"
Манго сушеное ~200 г,"279,80 ₽","Овощи, фрукты, зелень, орехи"
Грузди Global Village соленые 330 г,"Цена со скидкой за 1 шт.129,99 ₽","Овощи, фрукты, зелень, орехи"
Облепиха Global Village быстрозамороженная 300 г,"Цена со скидкой за 1 шт.176,99 ₽","Овощи, фрукты, зелень, орехи"
Вишня Global Village без косточки быстрозамороженная 300 г,"Цена со скидкой за 1 шт.269,99 ₽","Овощи, фрукты, зелень, орехи"
Чернослив Красная цена 100 г,"76,99 ₽","Овощи, фрукты, зелень, орехи"
Салат Месклам 75 г,"169,99 ₽","Овощи, фрукты, зелень, орехи"
Арахис Красная цена жареный соленый 80 г,"27,99 ₽","Овощи, фрукты, зелень, орехи"
Горошек зеленый Красная цена 400 г,"39,99 ₽","Овощи, фрукты, зелень, орехи"
Огурцы Global Village корнишоны маринованные 720 мл,"Цена со скидкой за 1 шт.154,99 ₽","Овощи, фрукты, зелень, орехи"
Питахайя ~500 г,"225,00 ₽","Овощи, фрукты, зелень, орехи"
Икра Global Village из кабачков 350 г,"Цена со скидкой за 1 шт.84,99 ₽","Овощи, фрукты, зелень, орехи"
Набор зелени Global Village укроп и петрушка 50 г,"69,99 ₽","Овощи, фрукты, зелень, орехи"
Малина Global Village быстрозамороженная 300 г,"Цена со скидкой за 1 шт.289,99 ₽","Овощи, фрукты, зелень, орехи"
Помидоры красные Черри Медовые 200 г,"249,99 ₽","Овощи, фрукты, зелень, орехи"
Помидоры сливовидные Flamenco красные 450 г,"219,99 ₽","Овощи, фрукты, зелень, орехи"
Фасоль Красная цена красная в собственном соку 360 г,"64,99 ₽","Овощи, фрукты, зелень, орехи"
Корень имбиря,"Цена со скидкой за 1 кг120,00 ₽","Овощи, фрукты, зелень, орехи"
Семечки подсолнечные от Мартина отборные обжаренные с...,"Цена со скидкой за 1 шт.99,99 ₽","Овощи, фрукты, зелень, орехи"
Салатная смесь Салаты с поля рукола-радиччо-фриссе 75 г,"159,99 ₽","Овощи, фрукты, зелень, орехи"
Замороженная смесь овощная Global Village Мексиканская...,"154,99 ₽","Овощи, фрукты, зелень, орехи"
Кукуруза Global Village Selection молочной спелости без...,"Цена со скидкой за 1 шт.104,99 ₽","Овощи, фрукты, зелень, орехи"
Укроп Global Village 100 г,"Цена со скидкой за 1 шт.79,99 ₽","Овощи, фрукты, зелень, орехи"
Кукуруза Bonduelle молодая консервированная 340 г,"Цена со скидкой за 1 шт.134,99 ₽","Овощи, фрукты, зелень, орехи"
Овощная смесь Vитамин Итальянская свежезамороженная 400 г,"189,99 ₽","Овощи, фрукты, зелень, орехи"
Клюква Красная цена без косточек быстрозамороженная 300 г,"239,99 ₽","Овощи, фрукты, зелень, орехи"
Макадамия неочищенные ~200 г,"259,80 ₽","Овощи, фрукты, зелень, орехи"
Семечки подсолнечные Mixbar жареные очищенные 70 г,"43,99 ₽","Овощи, фрукты, зелень, орехи"
Огурцы среднеплодные гладкие Global Village 600 г,"249,99 ₽","Овощи, фрукты, зелень, орехи"
Фасоль Пиканта печеная в томатном соусе 470 г,"Цена со скидкой за 1 шт.124,99 ₽","Овощи, фрукты, зелень, орехи"
"Огурцы Global Village фермерские хрустящие 1,5 кг","Цена со скидкой за 1 шт.209,99 ₽","Овощи, фрукты, зелень, орехи"
Груши сезонные,"Цена со скидкой за 1 кг119,99 ₽","Овощи, фрукты, зелень, орехи"
Хурма Шиш Бурун,"Цена за 1 кг125,00 ₽","Овощи, фрукты, зелень, орехи"
Семечки подсолнечные от Мартина жареные соленые полосатые...,"109,99 ₽","Овощи, фрукты, зелень, орехи"
Чеснок свежий 3 шт,"Цена со скидкой за 1 шт.59,99 ₽","Овощи, фрукты, зелень, орехи"
Салатная смесь Белая Дача Тоскана 120 г,"159,99 ₽","Овощи, фрукты, зелень, орехи"
Набор зелени Global Village укроп и лук 50 г,"69,99 ₽","Овощи, фрукты, зелень, орехи"
Корнишоны Bonduelle Expert маринованные 540 г,"280,99 ₽","Овощи, фрукты, зелень, орехи"
Лечо Global Village 520 г,"Цена со скидкой за 1 шт.109,99 ₽","Овощи, фрукты, зелень, орехи"
Огурцы Global Village соленые по-домашнему 680 г,"Цена со скидкой за 1 шт.138,99 ₽","Овощи, фрукты, зелень, орехи"
Вареная кукуруза сахарная в початках 2 шт,"Цена со скидкой за 1 шт.169,99 ₽","Овощи, фрукты, зелень, орехи"
Горошек Bonduelle Нежный зеленый консервированный 400 г,"Цена со скидкой за 1 шт.139,99 ₽","Овощи, фрукты, зелень, орехи"
Курага Красная цена 100 г,"59,99 ₽","Овощи, фрукты, зелень, орехи"
Перец красный Рамиро,"Цена со скидкой за 1 шт.199,99 ₽","Овощи, фрукты, зелень, орехи"
Фасоль Global Village красная в собственном соку 425 мл,"Цена со скидкой за 1 шт.89,99 ₽","Овощи, фрукты, зелень, орехи"
Шампиньоны Global Village маринованные 330 г,"Цена со скидкой за 1 шт.149,99 ₽","Овощи, фрукты, зелень, орехи"
Хурма Азербайджан 525 г,"199,99 ₽","Овощи, фрукты, зелень, орехи"
Компотная смесь ~500 г,"275,00 ₽","Овощи, фрукты, зелень, орехи"
Кешью Красная цена жареный 100 г,"126,99 ₽","Овощи, фрукты, зелень, орехи"
Редис красный 500 г,"Цена со скидкой за 1 шт.149,99 ₽","Овощи, фрукты, зелень, орехи"
Авокадо Hass 2 шт,"259,99 ₽","Овощи, фрукты, зелень, орехи"
Груши Китайские,"Цена за 1 кг110,00 ₽","Овощи, фрукты, зелень, орехи"
Томаты очищенные Global Village 680 г,"139,99 ₽","Овощи, фрукты, зелень, орехи"
Салат Саланова кудрявая 1 шт,"99,99 ₽","Овощи, фрукты, зелень, орехи"
Оливки Красная цена без косточки 300 г,"112,99 ₽","Овощи, фрукты, зелень, орехи"
Помело,"Цена со скидкой за 1 кг359,98 ₽","Овощи, фрукты, зелень, орехи"
Замороженная смесь овощная Global Village Азиатская...,"239,99 ₽","Овощи, фрукты, зелень, орехи"
Опята Global Village целые маринованные 330 г,"Цена со скидкой за 1 шт.154,99 ₽","Овощи, фрукты, зелень, орехи"
Помидоры круглые Global Village тепличные красные 600 г,"Цена со скидкой за 1 шт.169,99 ₽","Овощи, фрукты, зелень, орехи"
Закуска Венгерская Global Village 480 г,"Цена со скидкой за 1 шт.109,99 ₽","Овощи, фрукты, зелень, орехи"
Киви 250 г,"Цена со скидкой за 1 шт.179,99 ₽","Овощи, фрукты, зелень, орехи"
Сливы темные круглые,"Цена за 1 кг150,00 ₽","Овощи, фрукты, зелень, орехи"
Семечки подсолнечные Джинн жареные 140 г,"94,99 ₽","Овощи, фрукты, зелень, орехи"
Капуста брокколи Красная цена быстрозамороженная 700 г,"229,99 ₽","Овощи, фрукты, зелень, орехи"
Хашбраун картофельный Зимняя Радуга жареный замороженный...,"249,99 ₽","Овощи, фрукты, зелень, орехи"
Салатный микс Аликанте 100 г,"149,99 ₽","Овощи, фрукты, зелень, орехи"
Семечки подсолнечные Бабкины семечки жареные 100 г,"Цена со скидкой за 1 шт.32,99 ₽","Овощи, фрукты, зелень, орехи"
Помидоры Trattoria di Maestro Turatti протертые соленые 500...,"139,99 ₽","Овощи, фрукты, зелень, орехи"
Помидоры красные Global Village Сливовидные 600 г,"Цена со скидкой за 1 шт.199,99 ₽","Овощи, фрукты, зелень, орехи"
Перец микс,"229,99 ₽","Овощи, фрукты, зелень, орехи"
Огурцы Global Village Selection Пикули хрустящие...,"Цена со скидкой за 1 шт.184,99 ₽","Овощи, фрукты, зелень, орехи"
Авокадо Израиль,"Цена за 1 кг200,00 ₽","Овощи, фрукты, зелень, орехи"
Огурцы Традиции вкуса соленые 350 г,"139,99 ₽","Овощи, фрукты, зелень, орехи"
Финики Mixbar 200 г,"84,99 ₽","Овощи, фрукты, зелень, орехи"
Набор для приготовления Морозко Гавайская замороженная 400 г,"102,99 ₽","Овощи, фрукты, зелень, орехи"
Изюм Красная цена 100 г,"38,99 ₽","Овощи, фрукты, зелень, орехи"
Шампиньоны Global Village целые натуральные стерилизованные...,"Цена со скидкой за 1 шт.104,99 ₽","Овощи, фрукты, зелень, орехи"
Огурцы Global Village Selection По-немецки 670 г,"Цена со скидкой за 1 шт.194,99 ₽","Овощи, фрукты, зелень, орехи"
Семечки подсолнечные Mixbar жареные очищенные с морской...,"43,99 ₽","Овощи, фрукты, зелень, орехи"
Айва,"Цена со скидкой за 1 кг100,00 ₽","Овощи, фрукты, зелень, орехи"
Перец халапеньо Global Village Selection зеленый резаный...,"Цена со скидкой за 1 шт.119,99 ₽","Овощи, фрукты, зелень, орехи"
Салатная смесь Белая Дача Босфор 130 г,"Цена со скидкой за 1 шт.139,99 ₽","Овощи, фрукты, зелень, орехи"
Капуста квашеная Традиции вкуса с морковью 250 г,"89,99 ₽","Овощи, фрукты, зелень, орехи"
Помидоры черри Медовые оранжевые на ветке 200 г,"259,99 ₽","Овощи, фрукты, зелень, орехи"
Малина сублимированная Ого! кусочки 25 г,"Цена со скидкой за 1 шт.230,99 ₽","Овощи, фрукты, зелень, орехи"
Картофель Кримм пастеризованный шарики 500 г,"Цена со скидкой за 1 шт.89,99 ₽","Овощи, фрукты, зелень, орехи"
Авокадо Хасс 1 шт,"149,99 ₽","Овощи, фрукты, зелень, орехи"
Семечки подсолнечные от Мартина Отборные жареные 200 г,"Цена со скидкой за 1 шт.99,99 ₽","Овощи, фрукты, зелень, орехи"
Петрушка Global Village 30 г,"59,99 ₽","Овощи, фрукты, зелень, орехи"
Фруктово-ореховая смесь Красная цена 100 г,"67,49 ₽","Овощи, фрукты, зелень, орехи"
Смесь овощная Морозко Рагу резанное замороженное 400 г,"109,99 ₽","Овощи, фрукты, зелень, орехи"
Семечки от Мартина полосатые суперсоленые 150 г,"149,99 ₽","Овощи, фрукты, зелень, орехи"
Фисташки Красная цена неочищенные жареные соленые 100 г,"167,99 ₽","Овощи, фрукты, зелень, орехи"
Яблоки Симиренко,"Цена за 1 кг203,99 ₽","Овощи, фрукты, зелень, орехи"
Капуста цветная,"Цена со скидкой за 1 кг299,99 ₽","Овощи, фрукты, зелень, орехи"
Икра Пиканта из кабачков 450 г,"Цена со скидкой за 1 шт.119,99 ₽","Овощи, фрукты, зелень, орехи"
Курага ~200 г,"239,80 ₽","Овощи, фрукты, зелень, орехи"
Черника сублимированная Ого! 25 г,"Цена со скидкой за 1 шт.230,99 ₽","Овощи, фрукты, зелень, орехи"
Орех грецкий очищенный ~200 г,"239,80 ₽","Овощи, фрукты, зелень, орехи"
Икра Дядя Ваня из кабачков 460 г,"124,99 ₽","Овощи, фрукты, зелень, орехи"
Помидоры Черри Global Village на ветке 250 г,"239,99 ₽","Овощи, фрукты, зелень, орехи"
Лук репчатый салатный красный 500 г в лотке,"89,99 ₽","Овощи, фрукты, зелень, орехи"
Фасоль Global Village белая в томатном соусе 400 г,"Цена со скидкой за 1 шт.107,99 ₽","Овощи, фрукты, зелень, орехи"
Картофель Сад и огород для варки 3 кг,"289,99 ₽","Овощи, фрукты, зелень, орехи"
Миндаль Красная цена Ядра жареные 100 г,"142,99 ₽","Овощи, фрукты, зелень, орехи"
Помидоры Кумато 350 г,"219,99 ₽","Овощи, фрукты, зелень, орехи"
Лечо Валдайский Погребок Любительское стерилизованное 660 г,"122,99 ₽","Овощи, фрукты, зелень, орехи"
Семечки подсолнечные от Мартина Отборные жареные 100 г,"49,99 ₽","Овощи, фрукты, зелень, орехи"
Замороженная смесь овощная Global Village Карибская...,"Цена со скидкой за 1 шт.224,99 ₽","Овощи, фрукты, зелень, орехи"
Фисташки жареные неочищенные соленые ~200 г,"339,80 ₽","Овощи, фрукты, зелень, орехи"
Оливки Global Village Selection сорта Hojiblanca отборные...,"119,99 ₽","Овощи, фрукты, зелень, орехи"
Горошек Global Village Selection зеленый консервированный...,"Цена со скидкой за 1 шт.104,99 ₽","Овощи, фрукты, зелень, орехи"
Чернослив ~200 г,"140,00 ₽","Овощи, фрукты, зелень, орехи"
Фасоль Bonduelle красная консервированная 400 г,"139,99 ₽","Овощи, фрукты, зелень, орехи"
Фасоль Красная цена белая натуральная 360 г,"64,99 ₽","Овощи, фрукты, зелень, орехи"
Картофель фри Global Village Selection быстрозамороженный...,"299,99 ₽","Овощи, фрукты, зелень, орехи"
Горошек Globus зеленый консервированный 425 г,"97,99 ₽","Овощи, фрукты, зелень, орехи"
Семечки подсолнечные Бабкины Семечки жареные 300 г,"119,99 ₽","Овощи, фрукты, зелень, орехи"
Лук репчатый Ялтинский красный 450 г,"179,99 ₽","Овощи, фрукты, зелень, орехи"
"Картофель мытый 2,5 кг","259,99 ₽","Овощи, фрукты, зелень, орехи"
Оливки Bonduelle зеленые без косточки 300 г,"179,99 ₽","Овощи, фрукты, зелень, орехи"
Горошек Global Village Молодой без добавления сахара из...,"Цена со скидкой за 1 шт.104,99 ₽","Овощи, фрукты, зелень, орехи"
Персики сушеные ~1 кг,"1 999,00 ₽","Овощи, фрукты, зелень, орехи"
Томаты Маринованные Красная цена 680 г,"114,99 ₽","Овощи, фрукты, зелень, орехи"
Томаты вяленые Trattoria di maestro Turatti 190 г,"244,99 ₽","Овощи, фрукты, зелень, орехи"
Лимоны Global Village 2 шт,"Цена со скидкой за 1 шт.89,99 ₽","Овощи, фрукты, зелень, орехи"
Овощная смесь Global Village Овощи гриль с итальянскими...,"229,99 ₽","Овощи, фрукты, зелень, орехи"
Маслины Bonduelle без косточки 300 г,"189,99 ₽","Овощи, фрукты, зелень, орехи"
Имбирь Global Village маринованный 250 г,"119,99 ₽","Овощи, фрукты, зелень, орехи"
Картофель Бэби 1 кг,"99,99 ₽","Овощи, фрукты, зелень, орехи"
Дыня Зеленика Здоровый перекус 20 г,"Цена со скидкой за 1 шт.132,99 ₽","Овощи, фрукты, зелень, орехи"
Оливки Global Village фаршированные лимоном 300 г,"159,99 ₽","Овощи, фрукты, зелень, орехи"
Икра Global Village из баклажанов 350 г,"Цена со скидкой за 1 шт.89,99 ₽","Овощи, фрукты, зелень, орехи"
Мини-бананы,"Цена за 1 кг161,99 ₽","Овощи, фрукты, зелень, орехи"
Петрушка Global Village 100 г,"89,99 ₽","Овощи, фрукты, зелень, орехи"
Тыква в ассортименте (сорт по наличию),"Цена за 1 кг340,97 ₽","Овощи, фрукты, зелень, орехи"
Кукуруза сладкая вареная 240 г,"179,99 ₽","Овощи, фрукты, зелень, орехи"
Фасоль Global Village с овощами в томатном соусе 530 г,"Цена со скидкой за 1 шт.124,99 ₽","Овощи, фрукты, зелень, орехи"
Семечки подсолнечные от Мартина жареные соленые 100 г,"72,99 ₽","Овощи, фрукты, зелень, орехи"
Фасоль красная Global Village 400 г,"Цена со скидкой за 1 шт.119,99 ₽","Овощи, фрукты, зелень, орехи"
Морковь мытая подложка 600 г,"89,99 ₽","Овощи, фрукты, зелень, орехи"
"Яблоки Global Village Голден ~1,3 кг","Цена со скидкой за 1 шт.162,49 ₽","Овощи, фрукты, зелень, орехи"
Феттучини Мираторг Vитамин с морепродуктами в соусе...,"Цена со скидкой за 1 шт.364,99 ₽","Овощи, фрукты, зелень, орехи"
Арахис жареный соленый ~200 г,"100,00 ₽","Овощи, фрукты, зелень, орехи"
Перец жгучий Pura Vida Тайский 30 г,"Цена со скидкой за 1 шт.99,99 ₽","Овощи, фрукты, зелень, орехи"
Чеснок Гурме соленый 400 г,"129,99 ₽","Овощи, фрукты, зелень, орехи"
Закуска овощная Global Village из свеклы 520 г,"Цена со скидкой за 1 шт.99,99 ₽","Овощи, фрукты, зелень, орехи"
Финики ~300 г,"180,00 ₽","Овощи, фрукты, зелень, орехи"
Томаты Красная цена неочищенные в томатном соке 680 г,"114,99 ₽","Овощи, фрукты, зелень, орехи"
Кешью жареный очищенный ~100 г,"179,90 ₽","Овощи, фрукты, зелень, орехи"
Мандарины Global Village отборные,"Цена за 1 кг241,99 ₽","Овощи, фрукты, зелень, орехи"
Капуста цветная Красная цена быстрозамороженная 700 г,"219,99 ₽","Овощи, фрукты, зелень, орехи"
Маслины Global Village Selection сорта Hojiblanca отборные...,"142,99 ₽","Овощи, фрукты, зелень, орехи"
Чипсы ягодные Зеленика Здоровый перекус вишня 25 г,"Цена со скидкой за 1 шт.132,99 ₽","Овощи, фрукты, зелень, орехи"
Оливки Global Village с креветкой 300 г,"159,99 ₽","Овощи, фрукты, зелень, орехи"
Изюм светлый ~200 г,"110,00 ₽","Овощи, фрукты, зелень, орехи"
Икра Красная цена из кабачков 360 г,"69,99 ₽","Овощи, фрукты, зелень, орехи"
Кунжут Индана 15 г,"44,99 ₽","Овощи, фрукты, зелень, орехи"
Шампиньоны Знаток резаные 400 г,"65,99 ₽","Овощи, фрукты, зелень, орехи"
Компотная смесь Mixbar фруктовая 500 г,"209,99 ₽","Овощи, фрукты, зелень, орехи"
Фасоль Пиканта по-монастырски с овощами 470 г,"Цена со скидкой за 1 шт.149,99 ₽","Овощи, фрукты, зелень, орехи"
Семечки подсолнечные Мааг Отборные жареные соленые 250 г,"96,99 ₽","Овощи, фрукты, зелень, орехи"
Помело розовое Китай ~2 кг,"Цена со скидкой за 1 шт.399,98 ₽","Овощи, фрукты, зелень, орехи"
Редис Дайкон,"Цена за 1 кг70,00 ₽","Овощи, фрукты, зелень, орехи"
Яблоки Джерамин 4 шт ~800 г,"169,99 ₽","Овощи, фрукты, зелень, орехи"
Семечки тыквенные от Мартина жареные соленые 100 г,"149,99 ₽","Овощи, фрукты, зелень, орехи"
Лук репчатый желтый 600 г в лотке,"79,99 ₽","Овощи, фрукты, зелень, орехи"
Фундук Красная цена сушеный 100 г,"129,99 ₽","Овощи, фрукты, зелень, орехи"
Капуста Global Village квашенная с клюквой 500 г,"119,99 ₽","Овощи, фрукты, зелень, орехи"
Овощная смесь Global Village по-астрахански 600 г,"209,99 ₽","Овощи, фрукты, зелень, орехи"
Опята ФЭГ целые маринованные 250 г,"149,99 ₽","Овощи, фрукты, зелень, орехи"
Картофель Сад и огород для жарки 3 кг,"299,99 ₽","Овощи, фрукты, зелень, орехи"
Кабачки Дядя Ваня в аджике по-тбилисски 460 мл,"Цена со скидкой за 1 шт.157,99 ₽","Овощи, фрукты, зелень, орехи"
Маслины Global Village с косточкой 314 мл,"149,99 ₽","Овощи, фрукты, зелень, орехи"
Каперсы Trattoria di Maestro Turatti в уксусе 190 г,"229,99 ₽","Овощи, фрукты, зелень, орехи"
Киви 450 г,"229,99 ₽","Овощи, фрукты, зелень, орехи"
Семечки подсолнечные от Мартина Отборные жареные 250 г,"199,99 ₽","Овощи, фрукты, зелень, орехи"
Лимоны Узбекистан 2 шт,"Цена со скидкой за 1 шт.149,99 ₽","Овощи, фрукты, зелень, орехи"
Ананас сушеный Зеленика 20 г,"Цена со скидкой за 1 шт.132,99 ₽","Овощи, фрукты, зелень, орехи"
Манго сушеное Mixbar 100 г,"199,99 ₽","Овощи, фрукты, зелень, орехи"
Капуста Домашняя кадка Diet маринованная 350 г,"99,99 ₽","Овощи, фрукты, зелень, орехи"
Кукуруза Globus консервированная 340 г,"92,49 ₽","Овощи, фрукты, зелень, орехи"
Фасоль стручковая Красная цена зеленая резаная замороженная...,"239,99 ₽","Овощи, фрукты, зелень, орехи"
Семечки Зеленая линия из конопли очищенные 120 г,"229,99 ₽","Овощи, фрукты, зелень, орехи"
Икра Ресторация Обломов из молодых баклажанов 420 г,"Цена со скидкой за 1 шт.139,99 ₽","Овощи, фрукты, зелень, орехи"
Фасоль красная Global Village в томатном соусе 425 мл,"Цена со скидкой за 1 шт.98,99 ₽","Овощи, фрукты, зелень, орехи"
Шампиньоны замороженные Красная цена резаные 700 г,"209,99 ₽","Овощи, фрукты, зелень, орехи"
Огурцы Валдайский погребок Купеческие маринованные 650 г,"169,99 ₽","Овощи, фрукты, зелень, орехи"
Грецкий орех Mixbar очищенные 100 г,"179,99 ₽","Овощи, фрукты, зелень, орехи"
Семена подсолнечника Mixbar жареные с добавлением морской...,"Цена со скидкой за 1 шт.31,99 ₽","Овощи, фрукты, зелень, орехи"
Хурма сушеная ~200 г,"339,80 ₽","Овощи, фрукты, зелень, орехи"
Арахис Mixbar жареный соленый 150 г,"89,99 ₽","Овощи, фрукты, зелень, орехи"
Изюм Mixbar светлый без косточки 150 г,"102,99 ₽","Овощи, фрукты, зелень, орехи"
Арахис Станичные натуральный обжаренный 200 г,"169,99 ₽","Овощи, фрукты, зелень, орехи"
Оливки Global Village зеленые с анчоусом 300 г,"159,99 ₽","Овощи, фрукты, зелень, орехи"
Оливки Global Village зеленые без косточки 300 г,"169,99 ₽","Овощи, фрукты, зелень, орехи"
Семечки тыквенные Mixbar Premium очищенные 150 г,"Цена со скидкой за 1 шт.188,99 ₽","Овощи, фрукты, зелень, орехи"
Семечки тыквенные Красная цена обжаренные 100 г,"109,99 ₽","Овощи, фрукты, зелень, орехи"
Фруктово-ореховая смесь Mixbar орехи с цукатами 130 г,"202,99 ₽","Овощи, фрукты, зелень, орехи"
Помидоры резаные Trattoria Di Maestro Turatti 400 г,"154,99 ₽","Овощи, фрукты, зелень, орехи"
Миндаль очищенный ~200 г,"339,80 ₽","Овощи, фрукты, зелень, орехи"
Персик сушеный Зеленика 20 г,"Цена со скидкой за 1 шт.132,99 ₽","Овощи, фрукты, зелень, орехи"
Картофель Красная цена для жарки замороженный 700 г,"179,99 ₽","Овощи, фрукты, зелень, орехи"
Чипсы фруктовые Honey Kid яблочные 25 г,"Цена со скидкой за 1 шт.64,99 ₽","Овощи, фрукты, зелень, орехи"
Картофель ранний,"Цена за 1 кг259,98 ₽","Овощи, фрукты, зелень, орехи"
Лайм Global Village 2 шт,"Цена со скидкой за 1 шт.99,99 ₽","Овощи, фрукты, зелень, орехи"
Фундук очищенный ~200 г,"339,80 ₽","Овощи, фрукты, зелень, орехи"
Патиссоны Global Village маринованные стерилизованные 480 г,"194,99 ₽","Овощи, фрукты, зелень, орехи"
Капуста квашеная Global Village с хреном 500 г,"119,99 ₽","Овощи, фрукты, зелень, орехи"
Грецкий орех ДСК в скорлупе ~200 г,"Цена со скидкой за 1 шт.100,00 ₽","Овощи, фрукты, зелень, орехи"
Помидоры коктейльные Global village Selection Бакинские 350...,"239,99 ₽","Овощи, фрукты, зелень, орехи"
Огурцы Дядя Ваня Корнишоны по-французски маринованные 460 г,"269,99 ₽","Овощи, фрукты, зелень, орехи"
Слива сушеная Зеленика Здоровый перекус 20 г,"Цена со скидкой за 1 шт.132,99 ₽","Овощи, фрукты, зелень, орехи"
Соленья Гурме ассорти из соленых овощей 400 г,"154,99 ₽","Овощи, фрукты, зелень, орехи"
Семечки подсолнечные От Атамана Отборные жареные 250 г,"96,99 ₽","Овощи, фрукты, зелень, орехи"
Семечки подсолнечные Mixbar жареные 300 г,"Цена со скидкой за 1 шт.69,99 ₽","Овощи, фрукты, зелень, орехи"
Клементины Global Village,"Цена за 1 кг298,99 ₽","Овощи, фрукты, зелень, орехи"
Салат маслянистый Рост в горшочке,"129,99 ₽","Овощи, фрукты, зелень, орехи"
"Апельсины красные Global Village ~1,3 кг","285,99 ₽","Овощи, фрукты, зелень, орехи"
Салат Дуболистный зеленый 170 г,"99,99 ₽","Овощи, фрукты, зелень, орехи"
Фасоль Bonduelle белая в томатном соусе консервированная...,"161,99 ₽","Овощи, фрукты, зелень, орехи"
Фундук Mixbar жареный 100 г,"209,99 ₽","Овощи, фрукты, зелень, орехи"
Арахис Merry Crunch в хрустящей корочке со вкусом сметаны и...,"34,99 ₽","Овощи, фрукты, зелень, орехи"
Свекла Валдайский погребок маринованная 500 г,"62,99 ₽","Овощи, фрукты, зелень, орехи"
Томаты Global Village в томатном соке 680 г,"134,99 ₽","Овощи, фрукты, зелень, орехи"
Капуста квашеная Традиции вкуса с морковью 500 г,"119,99 ₽","Овощи, фрукты, зелень, орехи"
Грибное ассорти Экопродукт сушеное 50 г,"209,99 ₽","Овощи, фрукты, зелень, орехи"
Семечки подсолнечные Красная цена жареные 100 г,"14,49 ₽","Овощи, фрукты, зелень, орехи"
Арахис MixBar хрустящий со вкусом васаби 100 г,"Цена со скидкой за 1 шт.45,49 ₽","Овощи, фрукты, зелень, орехи"
Фасоль Global Village белая в собственном соку 425 мл,"109,99 ₽","Овощи, фрукты, зелень, орехи"
Баклажаны Global Village в аджике 350 г,"109,99 ₽","Овощи, фрукты, зелень, орехи"
Смородина черная Global Village быстрозамороженная 300 г,"Цена со скидкой за 1 шт.295,99 ₽","Овощи, фрукты, зелень, орехи"
Икра Global Village из баклажанов 360 г,"Цена со скидкой за 1 шт.94,99 ₽","Овощи, фрукты, зелень, орехи"
Фасоль Bonduelle красная в соусе чили консервированная 400 г,"199,99 ₽","Овощи, фрукты, зелень, орехи"
Баклажаны Global Village обжаренные с овощами 350 г,"109,99 ₽","Овощи, фрукты, зелень, орехи"
Помидоры коктейльные Global Village красные 350 г,"229,99 ₽","Овощи, фрукты, зелень, орехи"
Фисташки Вкус & Польза сырые очищенные 100 г,"459,99 ₽","Овощи, фрукты, зелень, орехи"
Фисташки Mixbar жареные неочищенные соленые 100 г,"279,99 ₽","Овощи, фрукты, зелень, орехи"
Семечки подсолнечные Don Semi сырые 500 г,"95,99 ₽","Овощи, фрукты, зелень, орехи"
Апельсины Global Village отборные ~2 кг,"399,98 ₽","Овощи, фрукты, зелень, орехи"
Семечки тыквенные Семушка очищенные 110 г,"212,99 ₽","Овощи, фрукты, зелень, орехи"
Оливки Global Village Selection зеленые с косточкой 300 г,"174,99 ₽","Овощи, фрукты, зелень, орехи"
Фруктовая смесь Mixbar Nature Ананас и папайя 150 г,"149,99 ₽","Овощи, фрукты, зелень, орехи"
Груши Здоровый перекус сушеные 20 г,"Цена со скидкой за 1 шт.132,99 ₽","Овощи, фрукты, зелень, орехи"
Инжир сушеный 200 г,"Цена со скидкой за 1 шт.299,99 ₽","Овощи, фрукты, зелень, орехи"
Томаты Global Village маринованные 680 г,"149,99 ₽","Овощи, фрукты, зелень, орехи"
Имбирь маринованный белый 250 г,"109,99 ₽","Овощи, фрукты, зелень, орехи"
Манго Планета Витаминов замороженное 300 г,"349,99 ₽","Овощи, фрукты, зелень, орехи"
Кукуруза От Мартина с солью 100 г,"109,99 ₽","Овощи, фрукты, зелень, орехи"
Оливки Global Village Selection без косточки с сыром с...,"192,99 ₽","Овощи, фрукты, зелень, орехи"
Смесь лесных грибов замороженная Global Village 300 г,"274,99 ₽","Овощи, фрукты, зелень, орехи"
Помидоры желтые Global Village Органза 350 г,"199,99 ₽","Овощи, фрукты, зелень, орехи"
Фруктово-ореховая смесь Mixbar Nature сухофрукты с орехами...,"236,99 ₽","Овощи, фрукты, зелень, орехи"
Фасоль Global Village белая 450 г,"189,99 ₽","Овощи, фрукты, зелень, орехи"
"Яблоки Global Village Гренни Смит ~1,3 кг","220,99 ₽","Овощи, фрукты, зелень, орехи"
Мята Global Village 50 г,"131,99 ₽","Овощи, фрукты, зелень, орехи"
Баклажаны Armenium Ararat по-восточному имам баялды 450 г,"229,99 ₽","Овощи, фрукты, зелень, орехи"
Апельсины Global Village Навелин,"Цена со скидкой за 1 кг279,99 ₽","Овощи, фрукты, зелень, орехи"
Помидоры Черри сердцевидные Сладкая Ягода красные 200 г,"249,99 ₽","Овощи, фрукты, зелень, орехи"
"Ананас ~1,5 кг","449,99 ₽","Овощи, фрукты, зелень, орехи"
Ягоды Годжи сушеные Вкус & Польза 100 г,"199,99 ₽","Овощи, фрукты, зелень, орехи"
Манго желтое 1 шт,"499,99 ₽","Овощи, фрукты, зелень, орехи"
Капуста Мистер Салат маринованная со сладким перцем 300 г,"99,99 ₽","Овощи, фрукты, зелень, орехи"
Перец острый Гурме соленый 400 г,"154,99 ₽","Овощи, фрукты, зелень, орехи"
Семечки подсолнечные От Мартина Молодежные жареные 100 г,"39,99 ₽","Овощи, фрукты, зелень, орехи"
Баклажаны с овощами Пиканта в томатном соусе 450 г,"Цена со скидкой за 1 шт.138,99 ₽","Овощи, фрукты, зелень, орехи"
Кешью Mixbar жареный 150 г,"289,99 ₽","Овощи, фрукты, зелень, орехи"
Фруктово-ореховая смесь Мааг Вечерний 150 г,"229,99 ₽","Овощи, фрукты, зелень, орехи"
Картофель Global Village По-деревенски быстрозамороженный...,"169,99 ₽","Овощи, фрукты, зелень, орехи"
Лечо Красная цена По-болгарски 680 г,"143,99 ₽","Овощи, фрукты, зелень, орехи"
Изюм кишмиш темный 300 г,"Цена со скидкой за 1 шт.183,99 ₽","Овощи, фрукты, зелень, орехи"
Опята замороженные Красная цена 400 г,"Цена со скидкой за 1 шт.209,99 ₽","Овощи, фрукты, зелень, орехи"
Баклажаны Global Village обжаренные с овощами 510 г,"Цена со скидкой за 1 шт.93,49 ₽","Овощи, фрукты, зелень, орехи"
Арахис Mixbar жареный 200 г,"109,99 ₽","Овощи, фрукты, зелень, орехи"
Имбирь Global Village розовый маринованный 250 г,"129,99 ₽","Овощи, фрукты, зелень, орехи"
Фасоль Меленъ с грибами 360 г,"Цена со скидкой за 1 шт.99,99 ₽","Овощи, фрукты, зелень, орехи"
Стебли черемши Гурме соленые 250 г,"139,99 ₽","Овощи, фрукты, зелень, орехи"
Помидоры Global Village соленые красные 1 кг,"169,99 ₽","Овощи, фрукты, зелень, орехи"
Капуста маринованная Традиции вкуса со свеклой 300 г,"99,99 ₽","Овощи, фрукты, зелень, орехи"
Перец чили Global Village Selection жгучий пламенный...,"Цена со скидкой за 1 шт.179,99 ₽","Овощи, фрукты, зелень, орехи"
Ананас Вкусы мира сушеный 80 г,"Цена со скидкой за 1 шт.150,49 ₽","Овощи, фрукты, зелень, орехи"
Абрикос Mixbar сушеный 150 г,"199,99 ₽","Овощи, фрукты, зелень, орехи"
Лук Порей 300 г,"299,99 ₽","Овощи, фрукты, зелень, орехи"
Чернослив Mixbar без косточки 200 г,"259,99 ₽","Овощи, фрукты, зелень, орехи"
Дыня,"Цена со скидкой за 1 кг399,98 ₽","Овощи, фрукты, зелень, орехи"
Кукуруза сладкая Global Village Selection 340 г,"Цена со скидкой за 1 шт.104,99 ₽","Овощи, фрукты, зелень, орехи"
Клюква вяленая ВкусВилл 150 г,"249,99 ₽","Овощи, фрукты, зелень, орехи"
Лобио Global Village 360 г,"Цена со скидкой за 1 шт.99,99 ₽","Овощи, фрукты, зелень, орехи"
Овощная закуска Global Village Selection Лютеница домашняя...,"169,99 ₽","Овощи, фрукты, зелень, орехи"
Семечки тыквенные Вкус & Польза очищенные 150 г,"217,99 ₽","Овощи, фрукты, зелень, орехи"
Семечки подсолнечные Mixbar жареные 200 г,"59,99 ₽","Овощи, фрукты, зелень, орехи"
Миндаль Mixbar жареный сладкий 100 г,"239,99 ₽","Овощи, фрукты, зелень, орехи"
Чипсы фруктовые Яблоков из кисло-сладких яблок 25 г,"94,99 ₽","Овощи, фрукты, зелень, орехи"
Изюм Mixbar 150 г,"102,99 ₽","Овощи, фрукты, зелень, орехи"
